Номер: ВО0002СВ; Price: 30000; Сервісний центр: ТСЦ 6141 РСЦ ГСЦ МВС В ТЕРНОПІЛЬСЬКІЙ ОБЛАСТІ;
Номер: ВО0003ВТ; Price: 30000; Сервісний центр: ТСЦ 6141 РСЦ ГСЦ МВС В ТЕРНОПІЛЬСЬКІЙ ОБЛАСТІ;
Номер: ВО0005ВН; Price: 30000; Сервісний центр: ТСЦ 6141 РСЦ ГСЦ МВС В ТЕРНОПІЛЬСЬКІЙ ОБЛАСТІ;
Номер: ВО0006ЕЕ; Price: 30000; Сервісний центр: ТСЦ 6141 РСЦ ГСЦ МВС В ТЕРНОПІЛЬСЬКІЙ ОБЛАСТІ;
Номер: ВО0009ВТ; Price: 30000; Сервісний центр: ТСЦ 6141 РСЦ ГСЦ МВС В ТЕРНОПІЛЬСЬКІЙ ОБЛАСТІ;
Номер: ВО0012ІІ; Price: 8000; Сервісний центр: ТСЦ 6143 РСЦ ГСЦ МВС В ТЕРНОПІЛЬСЬКІЙ ОБЛАСТІ;
Номер: ВО0014СЕ; Price: 8000; Сервісний центр: ТСЦ 6141 РСЦ ГСЦ МВС В ТЕРНОПІЛЬСЬКІЙ ОБЛАСТІ;
Номер: ВО0015СЕ; Price: 8000; Сервісний центр: ТСЦ 6141 РСЦ ГСЦ МВС В ТЕРНОПІЛЬСЬКІЙ ОБЛАСТІ;
Номер: ВО0016СЕ; Price: 8000; Сервісний центр: ТСЦ 6141 РСЦ ГСЦ МВС В ТЕРНОПІЛЬСЬКІЙ ОБЛАСТІ;
Номер: ВО0018СЕ; Price: 8000; Сервісний центр: ТСЦ 6141 РСЦ ГСЦ МВС В ТЕРНОПІЛЬСЬКІЙ ОБЛАСТІ;
Номер: ВО0019СЕ; Price: 8000; Сервісний центр: ТСЦ 6141 РСЦ ГСЦ МВС В ТЕРНОПІЛЬСЬКІЙ ОБЛАСТІ;
Номер: ВО0021СЕ; Price: 8000; Сервісний центр: ТСЦ 6141 РСЦ ГСЦ МВС В ТЕРНОПІЛЬСЬКІЙ ОБЛАСТІ;
Номер: ВО0022ВХ; Price: 10000; Сервісний центр: ТСЦ 6141 РСЦ ГСЦ МВС В ТЕРНОПІЛЬСЬКІЙ ОБЛАСТІ;
Номер: ВО0023ВХ; Price: 8000; Сервісний центр: ТСЦ 6141 РСЦ ГСЦ МВС В ТЕРНОПІЛЬСЬКІЙ ОБЛАСТІ;
Номер: ВО0024ВХ; Price: 8000; Сервісний центр: ТСЦ 6141 РСЦ ГСЦ МВС В ТЕРНОПІЛЬСЬКІЙ ОБЛАСТІ;
Номер: ВО0025ВХ; Price: 8000; Сервісний центр: ТСЦ 6141 РСЦ ГСЦ МВС В ТЕРНОПІЛЬСЬКІЙ ОБЛАСТІ;
Номер: ВО0026ВХ; Price: 8000; Сервісний центр: ТСЦ 6141 РСЦ ГСЦ МВС В ТЕРНОПІЛЬСЬКІЙ ОБЛАСТІ;
Номер: ВО0027ВХ; Price: 8000; Сервісний центр: ТСЦ 6141 РСЦ ГСЦ МВС В ТЕРНОПІЛЬСЬКІЙ ОБЛАСТІ;
Номер: ВО0029ВХ; Price: 8000; Сервісний центр: ТСЦ 6141 РСЦ ГСЦ МВС В ТЕРНОПІЛЬСЬКІЙ ОБЛАСТІ;
Номер: ВО0031СВ; Price: 8000; Сервісний центр: ТСЦ 6142 РСЦ ГСЦ МВС В ТЕРНОПІЛЬСЬКІЙ ОБЛАСТІ;
Номер: ВО0032СТ; Price: 8000; Сервісний центр: ТСЦ 6141 РСЦ ГСЦ МВС В ТЕРНОПІЛЬСЬКІЙ ОБЛАСТІ;
Номер: ВО0033СТ; Price: 10000; Сервісний центр: ТСЦ 6141 РСЦ ГСЦ МВС В ТЕРНОПІЛЬСЬКІЙ ОБЛАСТІ;
Номер: ВО0034СВ; Price: 8000; Сервісний центр: ТСЦ 6141 РСЦ ГСЦ МВС В ТЕРНОПІЛЬСЬКІЙ ОБЛАСТІ;
Номер: ВО0035ВХ; Price: 8000; Сервісний центр: ТСЦ 6141 РСЦ ГСЦ МВС В ТЕРНОПІЛЬСЬКІЙ ОБЛАСТІ;
Номер: ВО0036СВ; Price: 8000; Сервісний центр: ТСЦ 6141 РСЦ ГСЦ МВС В ТЕРНОПІЛЬСЬКІЙ ОБЛАСТІ;
Номер: ВО0037СВ; Price: 8000; Сервісний центр: ТСЦ 6141 РСЦ ГСЦ МВС В ТЕРНОПІЛЬСЬКІЙ ОБЛАСТІ;
Номер: ВО0038СТ; Price: 8000; Сервісний центр: ТСЦ 6141 РСЦ ГСЦ МВС В ТЕРНОПІЛЬСЬКІЙ ОБЛАСТІ;
Номер: ВО0039СТ; Price: 8000; Сервісний центр: ТСЦ 6141 РСЦ ГСЦ МВС В ТЕРНОПІЛЬСЬКІЙ ОБЛАСТІ;
Номер: ВО0040ВХ; Price: 8000; Сервісний центр: ТСЦ 6141 РСЦ ГСЦ МВС В ТЕРНОПІЛЬСЬКІЙ ОБЛАСТІ;
Номер: ВО0041СТ; Price: 8000; Сервісний центр: ТСЦ 6141 РСЦ ГСЦ МВС В ТЕРНОПІЛЬСЬКІЙ ОБЛАСТІ;
Номер: ВО0042СТ; Price: 8000; Сервісний центр: ТСЦ 6141 РСЦ ГСЦ МВС В ТЕРНОПІЛЬСЬКІЙ ОБЛАСТІ;
Номер: ВО0043СТ; Price: 8000; Сервісний центр: ТСЦ 6141 РСЦ ГСЦ МВС В ТЕРНОПІЛЬСЬКІЙ ОБЛАСТІ;
Номер: ВО0044ВХ; Price: 10000; Сервісний центр: ТСЦ 6141 РСЦ ГСЦ МВС В ТЕРНОПІЛЬСЬКІЙ ОБЛАСТІ;
Номер: ВО0045СТ; Price: 8000; Сервісний центр: ТСЦ 6141 РСЦ ГСЦ МВС В ТЕРНОПІЛЬСЬКІЙ ОБЛАСТІ;
Номер: ВО0046СТ; Price: 8000; Сервісний центр: ТСЦ 6141 РСЦ ГСЦ МВС В ТЕРНОПІЛЬСЬКІЙ ОБЛАСТІ;
Номер: ВО0047СТ; Price: 8000; Сервісний центр: ТСЦ 6141 РСЦ ГСЦ МВС В ТЕРНОПІЛЬСЬКІЙ ОБЛАСТІ;
Номер: ВО0048СТ; Price: 8000; Сервісний центр: ТСЦ 6141 РСЦ ГСЦ МВС В ТЕРНОПІЛЬСЬКІЙ ОБЛАСТІ;
Номер: ВО0049СТ; Price: 8000; Сервісний центр: ТСЦ 6141 РСЦ ГСЦ МВС В ТЕРНОПІЛЬСЬКІЙ ОБЛАСТІ;
Номер: ВО0051СТ; Price: 8000; Сервісний центр: ТСЦ 6141 РСЦ ГСЦ МВС В ТЕРНОПІЛЬСЬКІЙ ОБЛАСТІ;
Номер: ВО0052СТ; Price: 8000; Сервісний центр: ТСЦ 6141 РСЦ ГСЦ МВС В ТЕРНОПІЛЬСЬКІЙ ОБЛАСТІ;
Номер: ВО0053СТ; Price: 8000; Сервісний центр: ТСЦ 6141 РСЦ ГСЦ МВС В ТЕРНОПІЛЬСЬКІЙ ОБЛАСТІ;
Номер: ВО0054СТ; Price: 8000; Сервісний центр: ТСЦ 6141 РСЦ ГСЦ МВС В ТЕРНОПІЛЬСЬКІЙ ОБЛАСТІ;
Номер: ВО0056ВХ; Price: 8000; Сервісний центр: ТСЦ 6141 РСЦ ГСЦ МВС В ТЕРНОПІЛЬСЬКІЙ ОБЛАСТІ;
Номер: ВО0057СВ; Price: 8000; Сервісний центр: ТСЦ 6141 РСЦ ГСЦ МВС В ТЕРНОПІЛЬСЬКІЙ ОБЛАСТІ;
Номер: ВО0058ВХ; Price: 8000; Сервісний центр: ТСЦ 6141 РСЦ ГСЦ МВС В ТЕРНОПІЛЬСЬКІЙ ОБЛАСТІ;
Номер: ВО0059ВХ; Price: 8000; Сервісний центр: ТСЦ 6141 РСЦ ГСЦ МВС В ТЕРНОПІЛЬСЬКІЙ ОБЛАСТІ;
Номер: ВО0061ВХ; Price: 8000; Сервісний центр: ТСЦ 6141 РСЦ ГСЦ МВС В ТЕРНОПІЛЬСЬКІЙ ОБЛАСТІ;
Номер: ВО0062ВХ; Price: 8000; Сервісний центр: ТСЦ 6141 РСЦ ГСЦ МВС В ТЕРНОПІЛЬСЬКІЙ ОБЛАСТІ;
Номер: ВО0063ВХ; Price: 8000; Сервісний центр: ТСЦ 6141 РСЦ ГСЦ МВС В ТЕРНОПІЛЬСЬКІЙ ОБЛАСТІ;
Номер: ВО0064ВХ; Price: 8000; Сервісний центр: ТСЦ 6141 РСЦ ГСЦ МВС В ТЕРНОПІЛЬСЬКІЙ ОБЛАСТІ;
Номер: ВО0065ВХ; Price: 8000; Сервісний центр: ТСЦ 6141 РСЦ ГСЦ МВС В ТЕРНОПІЛЬСЬКІЙ ОБЛАСТІ;
Номер: ВО0066ВХ; Price: 10000; Сервісний центр: ТСЦ 6141 РСЦ ГСЦ МВС В ТЕРНОПІЛЬСЬКІЙ ОБЛАСТІ;
Номер: ВО0067ВХ; Price: 8000; Сервісний центр: ТСЦ 6141 РСЦ ГСЦ МВС В ТЕРНОПІЛЬСЬКІЙ ОБЛАСТІ;
Номер: ВО0068ВХ; Price: 8000; Сервісний центр: ТСЦ 6141 РСЦ ГСЦ МВС В ТЕРНОПІЛЬСЬКІЙ ОБЛАСТІ;
Номер: ВО0069ВХ; Price: 8000; Сервісний центр: ТСЦ 6141 РСЦ ГСЦ МВС В ТЕРНОПІЛЬСЬКІЙ ОБЛАСТІ;
Номер: ВО0071СТ; Price: 8000; Сервісний центр: ТСЦ 6141 РСЦ ГСЦ МВС В ТЕРНОПІЛЬСЬКІЙ ОБЛАСТІ;
Номер: ВО0072СТ; Price: 8000; Сервісний центр: ТСЦ 6141 РСЦ ГСЦ МВС В ТЕРНОПІЛЬСЬКІЙ ОБЛАСТІ;
Номер: ВО0073СВ; Price: 8000; Сервісний центр: ТСЦ 6141 РСЦ ГСЦ МВС В ТЕРНОПІЛЬСЬКІЙ ОБЛАСТІ;
Номер: ВО0074СТ; Price: 8000; Сервісний центр: ТСЦ 6141 РСЦ ГСЦ МВС В ТЕРНОПІЛЬСЬКІЙ ОБЛАСТІ;
Номер: ВО0075СТ; Price: 8000; Сервісний центр: ТСЦ 6141 РСЦ ГСЦ МВС В ТЕРНОПІЛЬСЬКІЙ ОБЛАСТІ;
Номер: ВО0076СВ; Price: 8000; Сервісний центр: ТСЦ 6141 РСЦ ГСЦ МВС В ТЕРНОПІЛЬСЬКІЙ ОБЛАСТІ;
Номер: ВО0078СТ; Price: 8000; Сервісний центр: ТСЦ 6141 РСЦ ГСЦ МВС В ТЕРНОПІЛЬСЬКІЙ ОБЛАСТІ;
Номер: ВО0079СТ; Price: 8000; Сервісний центр: ТСЦ 6141 РСЦ ГСЦ МВС В ТЕРНОПІЛЬСЬКІЙ ОБЛАСТІ;
Номер: ВО0081СТ; Price: 8000; Сервісний центр: ТСЦ 6141 РСЦ ГСЦ МВС В ТЕРНОПІЛЬСЬКІЙ ОБЛАСТІ;
Номер: ВО0082СТ; Price: 8000; Сервісний центр: ТСЦ 6141 РСЦ ГСЦ МВС В ТЕРНОПІЛЬСЬКІЙ ОБЛАСТІ;
Номер: ВО0083СТ; Price: 8000; Сервісний центр: ТСЦ 6141 РСЦ ГСЦ МВС В ТЕРНОПІЛЬСЬКІЙ ОБЛАСТІ;
Номер: ВО0084СТ; Price: 8000; Сервісний центр: ТСЦ 6141 РСЦ ГСЦ МВС В ТЕРНОПІЛЬСЬКІЙ ОБЛАСТІ;
Номер: ВО0085СВ; Price: 8000; Сервісний центр: ТСЦ 6141 РСЦ ГСЦ МВС В ТЕРНОПІЛЬСЬКІЙ ОБЛАСТІ;
Номер: ВО0086СВ; Price: 8000; Сервісний центр: ТСЦ 6141 РСЦ ГСЦ МВС В ТЕРНОПІЛЬСЬКІЙ ОБЛАСТІ;
Номер: ВО0087СТ; Price: 8000; Сервісний центр: ТСЦ 6141 РСЦ ГСЦ МВС В ТЕРНОПІЛЬСЬКІЙ ОБЛАСТІ;
Номер: ВО0089СТ; Price: 8000; Сервісний центр: ТСЦ 6141 РСЦ ГСЦ МВС В ТЕРНОПІЛЬСЬКІЙ ОБЛАСТІ;
Номер: ВО0090СТ; Price: 8000; Сервісний центр: ТСЦ 6141 РСЦ ГСЦ МВС В ТЕРНОПІЛЬСЬКІЙ ОБЛАСТІ;
Номер: ВО0091ВХ; Price: 8000; Сервісний центр: ТСЦ 6141 РСЦ ГСЦ МВС В ТЕРНОПІЛЬСЬКІЙ ОБЛАСТІ;
Номер: ВО0092ВХ; Price: 8000; Сервісний центр: ТСЦ 6141 РСЦ ГСЦ МВС В ТЕРНОПІЛЬСЬКІЙ ОБЛАСТІ;
Номер: ВО0093ВХ; Price: 8000; Сервісний центр: ТСЦ 6141 РСЦ ГСЦ МВС В ТЕРНОПІЛЬСЬКІЙ ОБЛАСТІ;
Номер: ВО0094ВХ; Price: 8000; Сервісний центр: ТСЦ 6141 РСЦ ГСЦ МВС В ТЕРНОПІЛЬСЬКІЙ ОБЛАСТІ;
Номер: ВО0095ВХ; Price: 8000; Сервісний центр: ТСЦ 6141 РСЦ ГСЦ МВС В ТЕРНОПІЛЬСЬКІЙ ОБЛАСТІ;
Номер: ВО0096ВХ; Price: 8000; Сервісний центр: ТСЦ 6141 РСЦ ГСЦ МВС В ТЕРНОПІЛЬСЬКІЙ ОБЛАСТІ;
Номер: ВО0097ВХ; Price: 8000; Сервісний центр: ТСЦ 6141 РСЦ ГСЦ МВС В ТЕРНОПІЛЬСЬКІЙ ОБЛАСТІ;
Номер: ВО0098ВХ; Price: 8000; Сервісний центр: ТСЦ 6141 РСЦ ГСЦ МВС В ТЕРНОПІЛЬСЬКІЙ ОБЛАСТІ;
Номер: ВО0123СС; Price: 10000; Сервісний центр: ТСЦ 6141 РСЦ ГСЦ МВС В ТЕРНОПІЛЬСЬКІЙ ОБЛАСТІ;
Номер: ВО0141СО; Price: 0; Сервісний центр: ТСЦ 6144 РСЦ ГСЦ МВС В ТЕРНОПІЛЬСЬКІЙ ОБЛАСТІ;
Номер: ВО0151СО; Price: 0; Сервісний центр: ТСЦ 6144 РСЦ ГСЦ МВС В ТЕРНОПІЛЬСЬКІЙ ОБЛАСТІ;
Номер: ВО0209СХ; Price: 0; Сервісний центр: ТСЦ 6143 РСЦ ГСЦ МВС В ТЕРНОПІЛЬСЬКІЙ ОБЛАСТІ;
Номер: ВО0224СТ; Price: 0; Сервісний центр: ТСЦ 6142 РСЦ ГСЦ МВС В ТЕРНОПІЛЬСЬКІЙ ОБЛАСТІ;
Номер: ВО0225СТ; Price: 0; Сервісний центр: ТСЦ 6142 РСЦ ГСЦ МВС В ТЕРНОПІЛЬСЬКІЙ ОБЛАСТІ;
Номер: ВО0226СТ; Price: 0; Сервісний центр: ТСЦ 6142 РСЦ ГСЦ МВС В ТЕРНОПІЛЬСЬКІЙ ОБЛАСТІ;
Номер: ВО0227СТ; Price: 0; Сервісний центр: ТСЦ 6142 РСЦ ГСЦ МВС В ТЕРНОПІЛЬСЬКІЙ ОБЛАСТІ;
Номер: ВО0228СТ; Price: 0; Сервісний центр: ТСЦ 6142 РСЦ ГСЦ МВС В ТЕРНОПІЛЬСЬКІЙ ОБЛАСТІ;
Номер: ВО0229СТ; Price: 0; Сервісний центр: ТСЦ 6142 РСЦ ГСЦ МВС В ТЕРНОПІЛЬСЬКІЙ ОБЛАСТІ;
Номер: ВО0230СТ; Price: 0; Сервісний центр: ТСЦ 6142 РСЦ ГСЦ МВС В ТЕРНОПІЛЬСЬКІЙ ОБЛАСТІ;
Номер: ВО0232СТ; Price: 0; Сервісний центр: ТСЦ 6142 РСЦ ГСЦ МВС В ТЕРНОПІЛЬСЬКІЙ ОБЛАСТІ;
Номер: ВО0234СТ; Price: 0; Сервісний центр: ТСЦ 6142 РСЦ ГСЦ МВС В ТЕРНОПІЛЬСЬКІЙ ОБЛАСТІ;
Номер: ВО0240СТ; Price: 0; Сервісний центр: ТСЦ 6142 РСЦ ГСЦ МВС В ТЕРНОПІЛЬСЬКІЙ ОБЛАСТІ;
Номер: ВО0242СТ; Price: 0; Сервісний центр: ТСЦ 6142 РСЦ ГСЦ МВС В ТЕРНОПІЛЬСЬКІЙ ОБЛАСТІ;
Номер: ВО0244СТ; Price: 0; Сервісний центр: ТСЦ 6142 РСЦ ГСЦ МВС В ТЕРНОПІЛЬСЬКІЙ ОБЛАСТІ;
Номер: ВО0251СТ; Price: 0; Сервісний центр: ТСЦ 6142 РСЦ ГСЦ МВС В ТЕРНОПІЛЬСЬКІЙ ОБЛАСТІ;
Номер: ВО0252СТ; Price: 0; Сервісний центр: ТСЦ 6142 РСЦ ГСЦ МВС В ТЕРНОПІЛЬСЬКІЙ ОБЛАСТІ;
Номер: ВО0253СТ; Price: 0; Сервісний центр: ТСЦ 6142 РСЦ ГСЦ МВС В ТЕРНОПІЛЬСЬКІЙ ОБЛАСТІ;
Номер: ВО0254СТ; Price: 0; Сервісний центр: ТСЦ 6142 РСЦ ГСЦ МВС В ТЕРНОПІЛЬСЬКІЙ ОБЛАСТІ;
Номер: ВО0255СТ; Price: 0; Сервісний центр: ТСЦ 6142 РСЦ ГСЦ МВС В ТЕРНОПІЛЬСЬКІЙ ОБЛАСТІ;
Номер: ВО0256СТ; Price: 0; Сервісний центр: ТСЦ 6142 РСЦ ГСЦ МВС В ТЕРНОПІЛЬСЬКІЙ ОБЛАСТІ;
Номер: ВО0257СТ; Price: 0; Сервісний центр: ТСЦ 6142 РСЦ ГСЦ МВС В ТЕРНОПІЛЬСЬКІЙ ОБЛАСТІ;
Номер: ВО0258СТ; Price: 0; Сервісний центр: ТСЦ 6142 РСЦ ГСЦ МВС В ТЕРНОПІЛЬСЬКІЙ ОБЛАСТІ;
Номер: ВО0259СТ; Price: 0; Сервісний центр: ТСЦ 6142 РСЦ ГСЦ МВС В ТЕРНОПІЛЬСЬКІЙ ОБЛАСТІ;
Номер: ВО0260СР; Price: 0; Сервісний центр: ТСЦ 6142 РСЦ ГСЦ МВС В ТЕРНОПІЛЬСЬКІЙ ОБЛАСТІ;
Номер: ВО0261СТ; Price: 0; Сервісний центр: ТСЦ 6142 РСЦ ГСЦ МВС В ТЕРНОПІЛЬСЬКІЙ ОБЛАСТІ;
Номер: ВО0262СТ; Price: 0; Сервісний центр: ТСЦ 6142 РСЦ ГСЦ МВС В ТЕРНОПІЛЬСЬКІЙ ОБЛАСТІ;
Номер: ВО0263СТ; Price: 0; Сервісний центр: ТСЦ 6142 РСЦ ГСЦ МВС В ТЕРНОПІЛЬСЬКІЙ ОБЛАСТІ;
Номер: ВО0264СТ; Price: 0; Сервісний центр: ТСЦ 6142 РСЦ ГСЦ МВС В ТЕРНОПІЛЬСЬКІЙ ОБЛАСТІ;
Номер: ВО0265СТ; Price: 0; Сервісний центр: ТСЦ 6142 РСЦ ГСЦ МВС В ТЕРНОПІЛЬСЬКІЙ ОБЛАСТІ;
Номер: ВО0266СТ; Price: 0; Сервісний центр: ТСЦ 6142 РСЦ ГСЦ МВС В ТЕРНОПІЛЬСЬКІЙ ОБЛАСТІ;
Номер: ВО0267СТ; Price: 0; Сервісний центр: ТСЦ 6142 РСЦ ГСЦ МВС В ТЕРНОПІЛЬСЬКІЙ ОБЛАСТІ;
Номер: ВО0268СТ; Price: 0; Сервісний центр: ТСЦ 6142 РСЦ ГСЦ МВС В ТЕРНОПІЛЬСЬКІЙ ОБЛАСТІ;
Номер: ВО0269СТ; Price: 0; Сервісний центр: ТСЦ 6142 РСЦ ГСЦ МВС В ТЕРНОПІЛЬСЬКІЙ ОБЛАСТІ;
Номер: ВО0270СТ; Price: 0; Сервісний центр: ТСЦ 6142 РСЦ ГСЦ МВС В ТЕРНОПІЛЬСЬКІЙ ОБЛАСТІ;
Номер: ВО0271СТ; Price: 0; Сервісний центр: ТСЦ 6142 РСЦ ГСЦ МВС В ТЕРНОПІЛЬСЬКІЙ ОБЛАСТІ;
Номер: ВО0272СТ; Price: 0; Сервісний центр: ТСЦ 6142 РСЦ ГСЦ МВС В ТЕРНОПІЛЬСЬКІЙ ОБЛАСТІ;
Номер: ВО0273СТ; Price: 0; Сервісний центр: ТСЦ 6142 РСЦ ГСЦ МВС В ТЕРНОПІЛЬСЬКІЙ ОБЛАСТІ;
Номер: ВО0274СТ; Price: 0; Сервісний центр: ТСЦ 6142 РСЦ ГСЦ МВС В ТЕРНОПІЛЬСЬКІЙ ОБЛАСТІ;
Номер: ВО0275СТ; Price: 0; Сервісний центр: ТСЦ 6142 РСЦ ГСЦ МВС В ТЕРНОПІЛЬСЬКІЙ ОБЛАСТІ;
Номер: ВО0276СТ; Price: 0; Сервісний центр: ТСЦ 6142 РСЦ ГСЦ МВС В ТЕРНОПІЛЬСЬКІЙ ОБЛАСТІ;
Номер: ВО0277СТ; Price: 0; Сервісний центр: ТСЦ 6142 РСЦ ГСЦ МВС В ТЕРНОПІЛЬСЬКІЙ ОБЛАСТІ;
Номер: ВО0278СТ; Price: 0; Сервісний центр: ТСЦ 6142 РСЦ ГСЦ МВС В ТЕРНОПІЛЬСЬКІЙ ОБЛАСТІ;
Номер: ВО0279СТ; Price: 0; Сервісний центр: ТСЦ 6142 РСЦ ГСЦ МВС В ТЕРНОПІЛЬСЬКІЙ ОБЛАСТІ;
Номер: ВО0280СТ; Price: 0; Сервісний центр: ТСЦ 6142 РСЦ ГСЦ МВС В ТЕРНОПІЛЬСЬКІЙ ОБЛАСТІ;
Номер: ВО0281СТ; Price: 0; Сервісний центр: ТСЦ 6142 РСЦ ГСЦ МВС В ТЕРНОПІЛЬСЬКІЙ ОБЛАСТІ;
Номер: ВО0282СТ; Price: 0; Сервісний центр: ТСЦ 6142 РСЦ ГСЦ МВС В ТЕРНОПІЛЬСЬКІЙ ОБЛАСТІ;
Номер: ВО0283СТ; Price: 0; Сервісний центр: ТСЦ 6142 РСЦ ГСЦ МВС В ТЕРНОПІЛЬСЬКІЙ ОБЛАСТІ;
Номер: ВО0284СТ; Price: 0; Сервісний центр: ТСЦ 6142 РСЦ ГСЦ МВС В ТЕРНОПІЛЬСЬКІЙ ОБЛАСТІ;
Номер: ВО0285СТ; Price: 0; Сервісний центр: ТСЦ 6142 РСЦ ГСЦ МВС В ТЕРНОПІЛЬСЬКІЙ ОБЛАСТІ;
Номер: ВО0286СХ; Price: 0; Сервісний центр: ТСЦ 6141 РСЦ ГСЦ МВС В ТЕРНОПІЛЬСЬКІЙ ОБЛАСТІ;
Номер: ВО0287СХ; Price: 0; Сервісний центр: ТСЦ 6141 РСЦ ГСЦ МВС В ТЕРНОПІЛЬСЬКІЙ ОБЛАСТІ;
Номер: ВО0288СТ; Price: 0; Сервісний центр: ТСЦ 6142 РСЦ ГСЦ МВС В ТЕРНОПІЛЬСЬКІЙ ОБЛАСТІ;
Номер: ВО0289СХ; Price: 0; Сервісний центр: ТСЦ 6141 РСЦ ГСЦ МВС В ТЕРНОПІЛЬСЬКІЙ ОБЛАСТІ;
Номер: ВО0290СТ; Price: 0; Сервісний центр: ТСЦ 6142 РСЦ ГСЦ МВС В ТЕРНОПІЛЬСЬКІЙ ОБЛАСТІ;
Номер: ВО0291СХ; Price: 0; Сервісний центр: ТСЦ 6141 РСЦ ГСЦ МВС В ТЕРНОПІЛЬСЬКІЙ ОБЛАСТІ;
Номер: ВО0292СХ; Price: 0; Сервісний центр: ТСЦ 6141 РСЦ ГСЦ МВС В ТЕРНОПІЛЬСЬКІЙ ОБЛАСТІ;
Номер: ВО0293СХ; Price: 0; Сервісний центр: ТСЦ 6141 РСЦ ГСЦ МВС В ТЕРНОПІЛЬСЬКІЙ ОБЛАСТІ;
Номер: ВО0294СХ; Price: 0; Сервісний центр: ТСЦ 6141 РСЦ ГСЦ МВС В ТЕРНОПІЛЬСЬКІЙ ОБЛАСТІ;
Номер: ВО0295СХ; Price: 0; Сервісний центр: ТСЦ 6141 РСЦ ГСЦ МВС В ТЕРНОПІЛЬСЬКІЙ ОБЛАСТІ;
Номер: ВО0296СХ; Price: 0; Сервісний центр: ТСЦ 6141 РСЦ ГСЦ МВС В ТЕРНОПІЛЬСЬКІЙ ОБЛАСТІ;
Номер: ВО0297СХ; Price: 0; Сервісний центр: ТСЦ 6141 РСЦ ГСЦ МВС В ТЕРНОПІЛЬСЬКІЙ ОБЛАСТІ;
Номер: ВО0298СХ; Price: 0; Сервісний центр: ТСЦ 6141 РСЦ ГСЦ МВС В ТЕРНОПІЛЬСЬКІЙ ОБЛАСТІ;
Номер: ВО0299СТ; Price: 0; Сервісний центр: ТСЦ 6142 РСЦ ГСЦ МВС В ТЕРНОПІЛЬСЬКІЙ ОБЛАСТІ;
Номер: ВО0311СХ; Price: 0; Сервісний центр: ТСЦ 6141 РСЦ ГСЦ МВС В ТЕРНОПІЛЬСЬКІЙ ОБЛАСТІ;
Номер: ВО0312СХ; Price: 0; Сервісний центр: ТСЦ 6141 РСЦ ГСЦ МВС В ТЕРНОПІЛЬСЬКІЙ ОБЛАСТІ;
Номер: ВО0313СХ; Price: 0; Сервісний центр: ТСЦ 6141 РСЦ ГСЦ МВС В ТЕРНОПІЛЬСЬКІЙ ОБЛАСТІ;
Номер: ВО0314СХ; Price: 0; Сервісний центр: ТСЦ 6141 РСЦ ГСЦ МВС В ТЕРНОПІЛЬСЬКІЙ ОБЛАСТІ;
Номер: ВО0315СХ; Price: 0; Сервісний центр: ТСЦ 6141 РСЦ ГСЦ МВС В ТЕРНОПІЛЬСЬКІЙ ОБЛАСТІ;
Номер: ВО0316СХ; Price: 0; Сервісний центр: ТСЦ 6141 РСЦ ГСЦ МВС В ТЕРНОПІЛЬСЬКІЙ ОБЛАСТІ;
Номер: ВО0317СХ; Price: 0; Сервісний центр: ТСЦ 6141 РСЦ ГСЦ МВС В ТЕРНОПІЛЬСЬКІЙ ОБЛАСТІ;
Номер: ВО0318СХ; Price: 0; Сервісний центр: ТСЦ 6141 РСЦ ГСЦ МВС В ТЕРНОПІЛЬСЬКІЙ ОБЛАСТІ;
Номер: ВО0319СХ; Price: 0; Сервісний центр: ТСЦ 6141 РСЦ ГСЦ МВС В ТЕРНОПІЛЬСЬКІЙ ОБЛАСТІ;
Номер: ВО0321СХ; Price: 0; Сервісний центр: ТСЦ 6141 РСЦ ГСЦ МВС В ТЕРНОПІЛЬСЬКІЙ ОБЛАСТІ;
Номер: ВО0322СХ; Price: 0; Сервісний центр: ТСЦ 6141 РСЦ ГСЦ МВС В ТЕРНОПІЛЬСЬКІЙ ОБЛАСТІ;
Номер: ВО0323СХ; Price: 0; Сервісний центр: ТСЦ 6141 РСЦ ГСЦ МВС В ТЕРНОПІЛЬСЬКІЙ ОБЛАСТІ;
Номер: ВО0324СХ; Price: 0; Сервісний центр: ТСЦ 6141 РСЦ ГСЦ МВС В ТЕРНОПІЛЬСЬКІЙ ОБЛАСТІ;
Номер: ВО0325СХ; Price: 0; Сервісний центр: ТСЦ 6141 РСЦ ГСЦ МВС В ТЕРНОПІЛЬСЬКІЙ ОБЛАСТІ;
Номер: ВО0326СХ; Price: 0; Сервісний центр: ТСЦ 6141 РСЦ ГСЦ МВС В ТЕРНОПІЛЬСЬКІЙ ОБЛАСТІ;
Номер: ВО0327СХ; Price: 0; Сервісний центр: ТСЦ 6141 РСЦ ГСЦ МВС В ТЕРНОПІЛЬСЬКІЙ ОБЛАСТІ;
Номер: ВО0328СХ; Price: 0; Сервісний центр: ТСЦ 6141 РСЦ ГСЦ МВС В ТЕРНОПІЛЬСЬКІЙ ОБЛАСТІ;
Номер: ВО0329СХ; Price: 0; Сервісний центр: ТСЦ 6141 РСЦ ГСЦ МВС В ТЕРНОПІЛЬСЬКІЙ ОБЛАСТІ;
Номер: ВО0331СХ; Price: 0; Сервісний центр: ТСЦ 6141 РСЦ ГСЦ МВС В ТЕРНОПІЛЬСЬКІЙ ОБЛАСТІ;
Номер: ВО0332СХ; Price: 0; Сервісний центр: ТСЦ 6141 РСЦ ГСЦ МВС В ТЕРНОПІЛЬСЬКІЙ ОБЛАСТІ;
Номер: ВО0333СН; Price: 10000; Сервісний центр: ТСЦ 6141 РСЦ ГСЦ МВС В ТЕРНОПІЛЬСЬКІЙ ОБЛАСТІ;
Номер: ВО0334СХ; Price: 0; Сервісний центр: ТСЦ 6141 РСЦ ГСЦ МВС В ТЕРНОПІЛЬСЬКІЙ ОБЛАСТІ;
Номер: ВО0335СХ; Price: 0; Сервісний центр: ТСЦ 6141 РСЦ ГСЦ МВС В ТЕРНОПІЛЬСЬКІЙ ОБЛАСТІ;
Номер: ВО0336СХ; Price: 0; Сервісний центр: ТСЦ 6141 РСЦ ГСЦ МВС В ТЕРНОПІЛЬСЬКІЙ ОБЛАСТІ;
Номер: ВО0337СХ; Price: 0; Сервісний центр: ТСЦ 6141 РСЦ ГСЦ МВС В ТЕРНОПІЛЬСЬКІЙ ОБЛАСТІ;
Номер: ВО0338СХ; Price: 0; Сервісний центр: ТСЦ 6141 РСЦ ГСЦ МВС В ТЕРНОПІЛЬСЬКІЙ ОБЛАСТІ;
Номер: ВО0339СХ; Price: 0; Сервісний центр: ТСЦ 6141 РСЦ ГСЦ МВС В ТЕРНОПІЛЬСЬКІЙ ОБЛАСТІ;
Номер: ВО0341СХ; Price: 0; Сервісний центр: ТСЦ 6141 РСЦ ГСЦ МВС В ТЕРНОПІЛЬСЬКІЙ ОБЛАСТІ;
Номер: ВО0342СХ; Price: 0; Сервісний центр: ТСЦ 6141 РСЦ ГСЦ МВС В ТЕРНОПІЛЬСЬКІЙ ОБЛАСТІ;
Номер: ВО0343СХ; Price: 0; Сервісний центр: ТСЦ 6141 РСЦ ГСЦ МВС В ТЕРНОПІЛЬСЬКІЙ ОБЛАСТІ;
Номер: ВО0344СХ; Price: 0; Сервісний центр: ТСЦ 6141 РСЦ ГСЦ МВС В ТЕРНОПІЛЬСЬКІЙ ОБЛАСТІ;
Номер: ВО0345СХ; Price: 0; Сервісний центр: ТСЦ 6141 РСЦ ГСЦ МВС В ТЕРНОПІЛЬСЬКІЙ ОБЛАСТІ;
Номер: ВО0346СХ; Price: 0; Сервісний центр: ТСЦ 6141 РСЦ ГСЦ МВС В ТЕРНОПІЛЬСЬКІЙ ОБЛАСТІ;
Номер: ВО0347СХ; Price: 0; Сервісний центр: ТСЦ 6141 РСЦ ГСЦ МВС В ТЕРНОПІЛЬСЬКІЙ ОБЛАСТІ;
Номер: ВО0348СХ; Price: 0; Сервісний центр: ТСЦ 6141 РСЦ ГСЦ МВС В ТЕРНОПІЛЬСЬКІЙ ОБЛАСТІ;
Номер: ВО0349СХ; Price: 0; Сервісний центр: ТСЦ 6141 РСЦ ГСЦ МВС В ТЕРНОПІЛЬСЬКІЙ ОБЛАСТІ;
Номер: ВО0351СХ; Price: 0; Сервісний центр: ТСЦ 6141 РСЦ ГСЦ МВС В ТЕРНОПІЛЬСЬКІЙ ОБЛАСТІ;
Номер: ВО0352СХ; Price: 0; Сервісний центр: ТСЦ 6141 РСЦ ГСЦ МВС В ТЕРНОПІЛЬСЬКІЙ ОБЛАСТІ;
Номер: ВО0353СХ; Price: 0; Сервісний центр: ТСЦ 6141 РСЦ ГСЦ МВС В ТЕРНОПІЛЬСЬКІЙ ОБЛАСТІ;
Номер: ВО0354СХ; Price: 0; Сервісний центр: ТСЦ 6141 РСЦ ГСЦ МВС В ТЕРНОПІЛЬСЬКІЙ ОБЛАСТІ;
Номер: ВО0355СХ; Price: 0; Сервісний центр: ТСЦ 6141 РСЦ ГСЦ МВС В ТЕРНОПІЛЬСЬКІЙ ОБЛАСТІ;
Номер: ВО0356СХ; Price: 0; Сервісний центр: ТСЦ 6141 РСЦ ГСЦ МВС В ТЕРНОПІЛЬСЬКІЙ ОБЛАСТІ;
Номер: ВО0357СХ; Price: 0; Сервісний центр: ТСЦ 6141 РСЦ ГСЦ МВС В ТЕРНОПІЛЬСЬКІЙ ОБЛАСТІ;
Номер: ВО0358СХ; Price: 0; Сервісний центр: ТСЦ 6141 РСЦ ГСЦ МВС В ТЕРНОПІЛЬСЬКІЙ ОБЛАСТІ;
Номер: ВО0359СХ; Price: 0; Сервісний центр: ТСЦ 6141 РСЦ ГСЦ МВС В ТЕРНОПІЛЬСЬКІЙ ОБЛАСТІ;
Номер: ВО0360СХ; Price: 0; Сервісний центр: ТСЦ 6141 РСЦ ГСЦ МВС В ТЕРНОПІЛЬСЬКІЙ ОБЛАСТІ;
Номер: ВО0361СХ; Price: 0; Сервісний центр: ТСЦ 6141 РСЦ ГСЦ МВС В ТЕРНОПІЛЬСЬКІЙ ОБЛАСТІ;
Номер: ВО0362СХ; Price: 0; Сервісний центр: ТСЦ 6141 РСЦ ГСЦ МВС В ТЕРНОПІЛЬСЬКІЙ ОБЛАСТІ;
Номер: ВО0363СХ; Price: 0; Сервісний центр: ТСЦ 6141 РСЦ ГСЦ МВС В ТЕРНОПІЛЬСЬКІЙ ОБЛАСТІ;
Номер: ВО0364СХ; Price: 0; Сервісний центр: ТСЦ 6141 РСЦ ГСЦ МВС В ТЕРНОПІЛЬСЬКІЙ ОБЛАСТІ;
Номер: ВО0365СХ; Price: 0; Сервісний центр: ТСЦ 6141 РСЦ ГСЦ МВС В ТЕРНОПІЛЬСЬКІЙ ОБЛАСТІ;
Номер: ВО0366СХ; Price: 0; Сервісний центр: ТСЦ 6141 РСЦ ГСЦ МВС В ТЕРНОПІЛЬСЬКІЙ ОБЛАСТІ;
Номер: ВО0367СХ; Price: 0; Сервісний центр: ТСЦ 6141 РСЦ ГСЦ МВС В ТЕРНОПІЛЬСЬКІЙ ОБЛАСТІ;
Номер: ВО0368СХ; Price: 0; Сервісний центр: ТСЦ 6141 РСЦ ГСЦ МВС В ТЕРНОПІЛЬСЬКІЙ ОБЛАСТІ;
Номер: ВО0369СХ; Price: 0; Сервісний центр: ТСЦ 6141 РСЦ ГСЦ МВС В ТЕРНОПІЛЬСЬКІЙ ОБЛАСТІ;
Номер: ВО0371СХ; Price: 0; Сервісний центр: ТСЦ 6141 РСЦ ГСЦ МВС В ТЕРНОПІЛЬСЬКІЙ ОБЛАСТІ;
Номер: ВО0372СХ; Price: 0; Сервісний центр: ТСЦ 6141 РСЦ ГСЦ МВС В ТЕРНОПІЛЬСЬКІЙ ОБЛАСТІ;
Номер: ВО0373СХ; Price: 0; Сервісний центр: ТСЦ 6141 РСЦ ГСЦ МВС В ТЕРНОПІЛЬСЬКІЙ ОБЛАСТІ;
Номер: ВО0374СХ; Price: 0; Сервісний центр: ТСЦ 6141 РСЦ ГСЦ МВС В ТЕРНОПІЛЬСЬКІЙ ОБЛАСТІ;
Номер: ВО0375СХ; Price: 0; Сервісний центр: ТСЦ 6141 РСЦ ГСЦ МВС В ТЕРНОПІЛЬСЬКІЙ ОБЛАСТІ;
Номер: ВО0376СХ; Price: 0; Сервісний центр: ТСЦ 6141 РСЦ ГСЦ МВС В ТЕРНОПІЛЬСЬКІЙ ОБЛАСТІ;
Номер: ВО0378СХ; Price: 0; Сервісний центр: ТСЦ 6141 РСЦ ГСЦ МВС В ТЕРНОПІЛЬСЬКІЙ ОБЛАСТІ;
Номер: ВО0379СХ; Price: 0; Сервісний центр: ТСЦ 6141 РСЦ ГСЦ МВС В ТЕРНОПІЛЬСЬКІЙ ОБЛАСТІ;
Номер: ВО0381СХ; Price: 0; Сервісний центр: ТСЦ 6141 РСЦ ГСЦ МВС В ТЕРНОПІЛЬСЬКІЙ ОБЛАСТІ;
Номер: ВО0382СХ; Price: 0; Сервісний центр: ТСЦ 6141 РСЦ ГСЦ МВС В ТЕРНОПІЛЬСЬКІЙ ОБЛАСТІ;
Номер: ВО0383СХ; Price: 0; Сервісний центр: ТСЦ 6141 РСЦ ГСЦ МВС В ТЕРНОПІЛЬСЬКІЙ ОБЛАСТІ;
Номер: ВО0384СХ; Price: 0; Сервісний центр: ТСЦ 6141 РСЦ ГСЦ МВС В ТЕРНОПІЛЬСЬКІЙ ОБЛАСТІ;
Номер: ВО0385СХ; Price: 0; Сервісний центр: ТСЦ 6141 РСЦ ГСЦ МВС В ТЕРНОПІЛЬСЬКІЙ ОБЛАСТІ;
Номер: ВО0386СХ; Price: 0; Сервісний центр: ТСЦ 6141 РСЦ ГСЦ МВС В ТЕРНОПІЛЬСЬКІЙ ОБЛАСТІ;
Номер: ВО0387СХ; Price: 0; Сервісний центр: ТСЦ 6141 РСЦ ГСЦ МВС В ТЕРНОПІЛЬСЬКІЙ ОБЛАСТІ;
Номер: ВО0389СХ; Price: 0; Сервісний центр: ТСЦ 6141 РСЦ ГСЦ МВС В ТЕРНОПІЛЬСЬКІЙ ОБЛАСТІ;
Номер: ВО0391СХ; Price: 0; Сервісний центр: ТСЦ 6141 РСЦ ГСЦ МВС В ТЕРНОПІЛЬСЬКІЙ ОБЛАСТІ;
Номер: ВО0392СХ; Price: 0; Сервісний центр: ТСЦ 6141 РСЦ ГСЦ МВС В ТЕРНОПІЛЬСЬКІЙ ОБЛАСТІ;
Номер: ВО0393СХ; Price: 0; Сервісний центр: ТСЦ 6141 РСЦ ГСЦ МВС В ТЕРНОПІЛЬСЬКІЙ ОБЛАСТІ;
Номер: ВО0394СХ; Price: 0; Сервісний центр: ТСЦ 6141 РСЦ ГСЦ МВС В ТЕРНОПІЛЬСЬКІЙ ОБЛАСТІ;
Номер: ВО0395СХ; Price: 0; Сервісний центр: ТСЦ 6141 РСЦ ГСЦ МВС В ТЕРНОПІЛЬСЬКІЙ ОБЛАСТІ;
Номер: ВО0396СХ; Price: 0; Сервісний центр: ТСЦ 6141 РСЦ ГСЦ МВС В ТЕРНОПІЛЬСЬКІЙ ОБЛАСТІ;
Номер: ВО0397СХ; Price: 0; Сервісний центр: ТСЦ 6141 РСЦ ГСЦ МВС В ТЕРНОПІЛЬСЬКІЙ ОБЛАСТІ;
Номер: ВО0398СХ; Price: 0; Сервісний центр: ТСЦ 6141 РСЦ ГСЦ МВС В ТЕРНОПІЛЬСЬКІЙ ОБЛАСТІ;
Номер: ВО0460СК; Price: 0; Сервісний центр: ТСЦ 6141 РСЦ ГСЦ МВС В ТЕРНОПІЛЬСЬКІЙ ОБЛАСТІ;
Номер: ВО0554СМ; Price: 0; Сервісний центр: ТСЦ 6145 РСЦ ГСЦ МВС В ТЕРНОПІЛЬСЬКІЙ ОБЛАСТІ;
Номер: ВО0555СН; Price: 10000; Сервісний центр: ТСЦ 6141 РСЦ ГСЦ МВС В ТЕРНОПІЛЬСЬКІЙ ОБЛАСТІ;
Номер: ВО0646СХ; Price: 0; Сервісний центр: ТСЦ 6141 РСЦ ГСЦ МВС В ТЕРНОПІЛЬСЬКІЙ ОБЛАСТІ;
Номер: ВО0666СА; Price: 10000; Сервісний центр: ТСЦ 6141 РСЦ ГСЦ МВС В ТЕРНОПІЛЬСЬКІЙ ОБЛАСТІ;
Номер: ВО0760СМ; Price: 0; Сервісний центр: ТСЦ 6141 РСЦ ГСЦ МВС В ТЕРНОПІЛЬСЬКІЙ ОБЛАСТІ;
Номер: ВО0822СР; Price: 0; Сервісний центр: ТСЦ 6145 РСЦ ГСЦ МВС В ТЕРНОПІЛЬСЬКІЙ ОБЛАСТІ;
Номер: ВО0844СР; Price: 0; Сервісний центр: ТСЦ 6145 РСЦ ГСЦ МВС В ТЕРНОПІЛЬСЬКІЙ ОБЛАСТІ;
Номер: ВО0855СР; Price: 0; Сервісний центр: ТСЦ 6145 РСЦ ГСЦ МВС В ТЕРНОПІЛЬСЬКІЙ ОБЛАСТІ;
Номер: ВО0861СТ; Price: 0; Сервісний центр: ТСЦ 6141 РСЦ ГСЦ МВС В ТЕРНОПІЛЬСЬКІЙ ОБЛАСТІ;
Номер: ВО0870СТ; Price: 0; Сервісний центр: ТСЦ 6143 РСЦ ГСЦ МВС В ТЕРНОПІЛЬСЬКІЙ ОБЛАСТІ;
Номер: ВО0876СР; Price: 0; Сервісний центр: ТСЦ 6145 РСЦ ГСЦ МВС В ТЕРНОПІЛЬСЬКІЙ ОБЛАСТІ;
Номер: ВО0890СТ; Price: 0; Сервісний центр: ТСЦ 6143 РСЦ ГСЦ МВС В ТЕРНОПІЛЬСЬКІЙ ОБЛАСТІ;
Номер: ВО0893СТ; Price: 0; Сервісний центр: ТСЦ 6143 РСЦ ГСЦ МВС В ТЕРНОПІЛЬСЬКІЙ ОБЛАСТІ;
Номер: ВО0899СР; Price: 0; Сервісний центр: ТСЦ 6145 РСЦ ГСЦ МВС В ТЕРНОПІЛЬСЬКІЙ ОБЛАСТІ;
Номер: ВО0925СТ; Price: 0; Сервісний центр: ТСЦ 6144 РСЦ ГСЦ МВС В ТЕРНОПІЛЬСЬКІЙ ОБЛАСТІ;
Номер: ВО0939СТ; Price: 0; Сервісний центр: ТСЦ 6144 РСЦ ГСЦ МВС В ТЕРНОПІЛЬСЬКІЙ ОБЛАСТІ;
Номер: ВО0984СТ; Price: 0; Сервісний центр: ТСЦ 6144 РСЦ ГСЦ МВС В ТЕРНОПІЛЬСЬКІЙ ОБЛАСТІ;
Номер: ВО0988СР; Price: 0; Сервісний центр: ТСЦ 6145 РСЦ ГСЦ МВС В ТЕРНОПІЛЬСЬКІЙ ОБЛАСТІ;
Номер: ВО1013СК; Price: 0; Сервісний центр: ТСЦ 6141 РСЦ ГСЦ МВС В ТЕРНОПІЛЬСЬКІЙ ОБЛАСТІ;
Номер: ВО1016СК; Price: 0; Сервісний центр: ТСЦ 6141 РСЦ ГСЦ МВС В ТЕРНОПІЛЬСЬКІЙ ОБЛАСТІ;
Номер: ВО1017СК; Price: 0; Сервісний центр: ТСЦ 6141 РСЦ ГСЦ МВС В ТЕРНОПІЛЬСЬКІЙ ОБЛАСТІ;
Номер: ВО1018СК; Price: 0; Сервісний центр: ТСЦ 6141 РСЦ ГСЦ МВС В ТЕРНОПІЛЬСЬКІЙ ОБЛАСТІ;
Номер: ВО1030СТ; Price: 0; Сервісний центр: ТСЦ 6143 РСЦ ГСЦ МВС В ТЕРНОПІЛЬСЬКІЙ ОБЛАСТІ;
Номер: ВО1040СТ; Price: 0; Сервісний центр: ТСЦ 6143 РСЦ ГСЦ МВС В ТЕРНОПІЛЬСЬКІЙ ОБЛАСТІ;
Номер: ВО1050СТ; Price: 0; Сервісний центр: ТСЦ 6143 РСЦ ГСЦ МВС В ТЕРНОПІЛЬСЬКІЙ ОБЛАСТІ;
Номер: ВО1060СТ; Price: 0; Сервісний центр: ТСЦ 6143 РСЦ ГСЦ МВС В ТЕРНОПІЛЬСЬКІЙ ОБЛАСТІ;
Номер: ВО1070СТ; Price: 0; Сервісний центр: ТСЦ 6143 РСЦ ГСЦ МВС В ТЕРНОПІЛЬСЬКІЙ ОБЛАСТІ;
Номер: ВО1080СТ; Price: 0; Сервісний центр: ТСЦ 6143 РСЦ ГСЦ МВС В ТЕРНОПІЛЬСЬКІЙ ОБЛАСТІ;
Номер: ВО1100СС; Price: 10000; Сервісний центр: ТСЦ 6143 РСЦ ГСЦ МВС В ТЕРНОПІЛЬСЬКІЙ ОБЛАСТІ;
Номер: ВО1111СР; Price: 30000; Сервісний центр: ТСЦ 6141 РСЦ ГСЦ МВС В ТЕРНОПІЛЬСЬКІЙ ОБЛАСТІ;
Номер: ВО1112СВ; Price: 10000; Сервісний центр: ТСЦ 6141 РСЦ ГСЦ МВС В ТЕРНОПІЛЬСЬКІЙ ОБЛАСТІ;
Номер: ВО1113ВК; Price: 10000; Сервісний центр: ТСЦ 6141 РСЦ ГСЦ МВС В ТЕРНОПІЛЬСЬКІЙ ОБЛАСТІ;
Номер: ВО1114СА; Price: 10000; Сервісний центр: ТСЦ 6141 РСЦ ГСЦ МВС В ТЕРНОПІЛЬСЬКІЙ ОБЛАСТІ;
Номер: ВО1115СА; Price: 10000; Сервісний центр: ТСЦ 6141 РСЦ ГСЦ МВС В ТЕРНОПІЛЬСЬКІЙ ОБЛАСТІ;
Номер: ВО1116СВ; Price: 10000; Сервісний центр: ТСЦ 6141 РСЦ ГСЦ МВС В ТЕРНОПІЛЬСЬКІЙ ОБЛАСТІ;
Номер: ВО1117ВК; Price: 10000; Сервісний центр: ТСЦ 6141 РСЦ ГСЦ МВС В ТЕРНОПІЛЬСЬКІЙ ОБЛАСТІ;
Номер: ВО1118СС; Price: 10000; Сервісний центр: ТСЦ 6144 РСЦ ГСЦ МВС В ТЕРНОПІЛЬСЬКІЙ ОБЛАСТІ;
Номер: ВО1119СА; Price: 10000; Сервісний центр: ТСЦ 6141 РСЦ ГСЦ МВС В ТЕРНОПІЛЬСЬКІЙ ОБЛАСТІ;
Номер: ВО1122СС; Price: 10000; Сервісний центр: ТСЦ 6144 РСЦ ГСЦ МВС В ТЕРНОПІЛЬСЬКІЙ ОБЛАСТІ;
Номер: ВО1133СС; Price: 10000; Сервісний центр: ТСЦ 6144 РСЦ ГСЦ МВС В ТЕРНОПІЛЬСЬКІЙ ОБЛАСТІ;
Номер: ВО1141СА; Price: 4000; Сервісний центр: ТСЦ 6143 РСЦ ГСЦ МВС В ТЕРНОПІЛЬСЬКІЙ ОБЛАСТІ;
Номер: ВО1144ВХ; Price: 10000; Сервісний центр: ТСЦ 6141 РСЦ ГСЦ МВС В ТЕРНОПІЛЬСЬКІЙ ОБЛАСТІ;
Номер: ВО1151СН; Price: 4000; Сервісний центр: ТСЦ 6141 РСЦ ГСЦ МВС В ТЕРНОПІЛЬСЬКІЙ ОБЛАСТІ;
Номер: ВО1155СА; Price: 10000; Сервісний центр: ТСЦ 6142 РСЦ ГСЦ МВС В ТЕРНОПІЛЬСЬКІЙ ОБЛАСТІ;
Номер: ВО1161СА; Price: 4000; Сервісний центр: ТСЦ 6143 РСЦ ГСЦ МВС В ТЕРНОПІЛЬСЬКІЙ ОБЛАСТІ;
Номер: ВО1166ВТ; Price: 10000; Сервісний центр: ТСЦ 6144 РСЦ ГСЦ МВС В ТЕРНОПІЛЬСЬКІЙ ОБЛАСТІ;
Номер: ВО1177СВ; Price: 10000; Сервісний центр: ТСЦ 6142 РСЦ ГСЦ МВС В ТЕРНОПІЛЬСЬКІЙ ОБЛАСТІ;
Номер: ВО1188СС; Price: 10000; Сервісний центр: ТСЦ 6144 РСЦ ГСЦ МВС В ТЕРНОПІЛЬСЬКІЙ ОБЛАСТІ;
Номер: ВО1199СВ; Price: 10000; Сервісний центр: ТСЦ 6141 РСЦ ГСЦ МВС В ТЕРНОПІЛЬСЬКІЙ ОБЛАСТІ;
Номер: ВО1222СЕ; Price: 10000; Сервісний центр: ТСЦ 6141 РСЦ ГСЦ МВС В ТЕРНОПІЛЬСЬКІЙ ОБЛАСТІ;
Номер: ВО1333СЕ; Price: 10000; Сервісний центр: ТСЦ 6141 РСЦ ГСЦ МВС В ТЕРНОПІЛЬСЬКІЙ ОБЛАСТІ;
Номер: ВО1411СА; Price: 4000; Сервісний центр: ТСЦ 6143 РСЦ ГСЦ МВС В ТЕРНОПІЛЬСЬКІЙ ОБЛАСТІ;
Номер: ВО1444СЕ; Price: 10000; Сервісний центр: ТСЦ 6141 РСЦ ГСЦ МВС В ТЕРНОПІЛЬСЬКІЙ ОБЛАСТІ;
Номер: ВО1551СН; Price: 4000; Сервісний центр: ТСЦ 6141 РСЦ ГСЦ МВС В ТЕРНОПІЛЬСЬКІЙ ОБЛАСТІ;
Номер: ВО1555ВТ; Price: 10000; Сервісний центр: ТСЦ 6141 РСЦ ГСЦ МВС В ТЕРНОПІЛЬСЬКІЙ ОБЛАСТІ;
Номер: ВО1611ВК; Price: 4000; Сервісний центр: ТСЦ 6144 РСЦ ГСЦ МВС В ТЕРНОПІЛЬСЬКІЙ ОБЛАСТІ;
Номер: ВО1661ВТ; Price: 4000; Сервісний центр: ТСЦ 6142 РСЦ ГСЦ МВС В ТЕРНОПІЛЬСЬКІЙ ОБЛАСТІ;
Номер: ВО1666ВІ; Price: 10000; Сервісний центр: ТСЦ 6141 РСЦ ГСЦ МВС В ТЕРНОПІЛЬСЬКІЙ ОБЛАСТІ;
Номер: ВО1783СТ; Price: 0; Сервісний центр: ТСЦ 6143 РСЦ ГСЦ МВС В ТЕРНОПІЛЬСЬКІЙ ОБЛАСТІ;
Номер: ВО1881СІ; Price: 4000; Сервісний центр: ТСЦ 6141 РСЦ ГСЦ МВС В ТЕРНОПІЛЬСЬКІЙ ОБЛАСТІ;
Номер: ВО1888СВ; Price: 10000; Сервісний центр: ТСЦ 6141 РСЦ ГСЦ МВС В ТЕРНОПІЛЬСЬКІЙ ОБЛАСТІ;
Номер: ВО1911ВІ; Price: 4000; Сервісний центр: ТСЦ 6141 РСЦ ГСЦ МВС В ТЕРНОПІЛЬСЬКІЙ ОБЛАСТІ;
Номер: ВО1999СС; Price: 10000; Сервісний центр: ТСЦ 6141 РСЦ ГСЦ МВС В ТЕРНОПІЛЬСЬКІЙ ОБЛАСТІ;
Номер: ВО2111СС; Price: 10000; Сервісний центр: ТСЦ 6143 РСЦ ГСЦ МВС В ТЕРНОПІЛЬСЬКІЙ ОБЛАСТІ;
Номер: ВО2112СІ; Price: 4000; Сервісний центр: ТСЦ 6141 РСЦ ГСЦ МВС В ТЕРНОПІЛЬСЬКІЙ ОБЛАСТІ;
Номер: ВО2200СС; Price: 10000; Сервісний центр: ТСЦ 6143 РСЦ ГСЦ МВС В ТЕРНОПІЛЬСЬКІЙ ОБЛАСТІ;
Номер: ВО2211СВ; Price: 10000; Сервісний центр: ТСЦ 6141 РСЦ ГСЦ МВС В ТЕРНОПІЛЬСЬКІЙ ОБЛАСТІ;
Номер: ВО2212СВ; Price: 4000; Сервісний центр: ТСЦ 6141 РСЦ ГСЦ МВС В ТЕРНОПІЛЬСЬКІЙ ОБЛАСТІ;
Номер: ВО2220СВ; Price: 10000; Сервісний центр: ТСЦ 6141 РСЦ ГСЦ МВС В ТЕРНОПІЛЬСЬКІЙ ОБЛАСТІ;
Номер: ВО2221СВ; Price: 10000; Сервісний центр: ТСЦ 6141 РСЦ ГСЦ МВС В ТЕРНОПІЛЬСЬКІЙ ОБЛАСТІ;
Номер: ВО2222СВ; Price: 30000; Сервісний центр: ТСЦ 6141 РСЦ ГСЦ МВС В ТЕРНОПІЛЬСЬКІЙ ОБЛАСТІ;
Номер: ВО2223СВ; Price: 10000; Сервісний центр: ТСЦ 6141 РСЦ ГСЦ МВС В ТЕРНОПІЛЬСЬКІЙ ОБЛАСТІ;
Номер: ВО2224СВ; Price: 10000; Сервісний центр: ТСЦ 6141 РСЦ ГСЦ МВС В ТЕРНОПІЛЬСЬКІЙ ОБЛАСТІ;
Номер: ВО2225СВ; Price: 10000; Сервісний центр: ТСЦ 6141 РСЦ ГСЦ МВС В ТЕРНОПІЛЬСЬКІЙ ОБЛАСТІ;
Номер: ВО2226СВ; Price: 10000; Сервісний центр: ТСЦ 6141 РСЦ ГСЦ МВС В ТЕРНОПІЛЬСЬКІЙ ОБЛАСТІ;
Номер: ВО2227СВ; Price: 10000; Сервісний центр: ТСЦ 6141 РСЦ ГСЦ МВС В ТЕРНОПІЛЬСЬКІЙ ОБЛАСТІ;
Номер: ВО2228СВ; Price: 10000; Сервісний центр: ТСЦ 6141 РСЦ ГСЦ МВС В ТЕРНОПІЛЬСЬКІЙ ОБЛАСТІ;
Номер: ВО2229СВ; Price: 10000; Сервісний центр: ТСЦ 6141 РСЦ ГСЦ МВС В ТЕРНОПІЛЬСЬКІЙ ОБЛАСТІ;
Номер: ВО2232СС; Price: 4000; Сервісний центр: ТСЦ 6145 РСЦ ГСЦ МВС В ТЕРНОПІЛЬСЬКІЙ ОБЛАСТІ;
Номер: ВО2233СВ; Price: 10000; Сервісний центр: ТСЦ 6141 РСЦ ГСЦ МВС В ТЕРНОПІЛЬСЬКІЙ ОБЛАСТІ;
Номер: ВО2242СЕ; Price: 4000; Сервісний центр: ТСЦ 6141 РСЦ ГСЦ МВС В ТЕРНОПІЛЬСЬКІЙ ОБЛАСТІ;
Номер: ВО2244СВ; Price: 10000; Сервісний центр: ТСЦ 6141 РСЦ ГСЦ МВС В ТЕРНОПІЛЬСЬКІЙ ОБЛАСТІ;
Номер: ВО2255СЕ; Price: 10000; Сервісний центр: ТСЦ 6141 РСЦ ГСЦ МВС В ТЕРНОПІЛЬСЬКІЙ ОБЛАСТІ;
Номер: ВО2262СВ; Price: 4000; Сервісний центр: ТСЦ 6141 РСЦ ГСЦ МВС В ТЕРНОПІЛЬСЬКІЙ ОБЛАСТІ;
Номер: ВО2266СВ; Price: 10000; Сервісний центр: ТСЦ 6141 РСЦ ГСЦ МВС В ТЕРНОПІЛЬСЬКІЙ ОБЛАСТІ;
Номер: ВО2277СВ; Price: 10000; Сервісний центр: ТСЦ 6141 РСЦ ГСЦ МВС В ТЕРНОПІЛЬСЬКІЙ ОБЛАСТІ;
Номер: ВО2282СВ; Price: 4000; Сервісний центр: ТСЦ 6141 РСЦ ГСЦ МВС В ТЕРНОПІЛЬСЬКІЙ ОБЛАСТІ;
Номер: ВО2288СВ; Price: 10000; Сервісний центр: ТСЦ 6141 РСЦ ГСЦ МВС В ТЕРНОПІЛЬСЬКІЙ ОБЛАСТІ;
Номер: ВО2292СВ; Price: 4000; Сервісний центр: ТСЦ 6141 РСЦ ГСЦ МВС В ТЕРНОПІЛЬСЬКІЙ ОБЛАСТІ;
Номер: ВО2299СВ; Price: 10000; Сервісний центр: ТСЦ 6141 РСЦ ГСЦ МВС В ТЕРНОПІЛЬСЬКІЙ ОБЛАСТІ;
Номер: ВО2322СВ; Price: 4000; Сервісний центр: ТСЦ 6141 РСЦ ГСЦ МВС В ТЕРНОПІЛЬСЬКІЙ ОБЛАСТІ;
Номер: ВО2333СА; Price: 10000; Сервісний центр: ТСЦ 6141 РСЦ ГСЦ МВС В ТЕРНОПІЛЬСЬКІЙ ОБЛАСТІ;
Номер: ВО2422СВ; Price: 4000; Сервісний центр: ТСЦ 6141 РСЦ ГСЦ МВС В ТЕРНОПІЛЬСЬКІЙ ОБЛАСТІ;
Номер: ВО2444СА; Price: 10000; Сервісний центр: ТСЦ 6141 РСЦ ГСЦ МВС В ТЕРНОПІЛЬСЬКІЙ ОБЛАСТІ;
Номер: ВО2525СН; Price: 4000; Сервісний центр: ТСЦ 6141 РСЦ ГСЦ МВС В ТЕРНОПІЛЬСЬКІЙ ОБЛАСТІ;
Номер: ВО2555СА; Price: 10000; Сервісний центр: ТСЦ 6141 РСЦ ГСЦ МВС В ТЕРНОПІЛЬСЬКІЙ ОБЛАСТІ;
Номер: ВО2615ВО; Price: 0; Сервісний центр: ТСЦ 6144 РСЦ ГСЦ МВС В ТЕРНОПІЛЬСЬКІЙ ОБЛАСТІ;
Номер: ВО2619ВО; Price: 0; Сервісний центр: ТСЦ 6144 РСЦ ГСЦ МВС В ТЕРНОПІЛЬСЬКІЙ ОБЛАСТІ;
Номер: ВО2622ВО; Price: 4000; Сервісний центр: ТСЦ 6145 РСЦ ГСЦ МВС В ТЕРНОПІЛЬСЬКІЙ ОБЛАСТІ;
Номер: ВО2626СВ; Price: 4000; Сервісний центр: ТСЦ 6143 РСЦ ГСЦ МВС В ТЕРНОПІЛЬСЬКІЙ ОБЛАСТІ;
